-- Insertar los datos de la tabla Sucursal
INSERT INTO Sucursal (codigoSucursal, direccion, telefono) VALUES (1, '780 Reinke Junction', '8603633148');
INSERT INTO Sucursal (codigoSucursal, direccion, telefono) VALUES (2, '46301 Rowland Pass', '1379219829');
INSERT INTO Sucursal (codigoSucursal, direccion, telefono) VALUES (3, '91519 Lakewood Gardens Lane', '3335623302');
INSERT INTO Sucursal (codigoSucursal, direccion, telefono) VALUES (4, '317 Graedel Terrace', '6752414781');
INSERT INTO Sucursal (codigoSucursal, direccion, telefono) VALUES (5, '783 Eastlawn Crossing', '2664424617');
INSERT INTO Sucursal (codigoSucursal, direccion, telefono) VALUES (6, '2 Village Way', '5283330386');
INSERT INTO Sucursal (codigoSucursal, direccion, telefono) VALUES (7, '80 Swallow Circle', '8101591461');
INSERT INTO Sucursal (codigoSucursal, direccion, telefono) VALUES (8, '2828 Rigney Junction', '5915274853');
INSERT INTO Sucursal (codigoSucursal, direccion, telefono) VALUES (9, '637 Chinook Center', '2823598872');
INSERT INTO Sucursal (codigoSucursal, direccion, telefono) VALUES (10, '643 Union Hill', '5537279630');
INSERT INTO Sucursal (codigoSucursal, direccion, telefono) VALUES (11, '9090 Melody Pass', '4006435806');
INSERT INTO Sucursal (codigoSucursal, direccion, telefono) VALUES (12, '22 Fallview Circle', '4004046639');
INSERT INTO Sucursal (codigoSucursal, direccion, telefono) VALUES (13, '4 Mosinee Way', '7286973915');
INSERT INTO Sucursal (codigoSucursal, direccion, telefono) VALUES (14, '577 Tony Circle', '7992883820');
INSERT INTO Sucursal (codigoSucursal, direccion, telefono) VALUES (15, '0 Upham Lane', '2723698122');
INSERT INTO Sucursal (codigoSucursal, direccion, telefono) VALUES (16, '97 Annamark Plaza', '6221865506');
INSERT INTO Sucursal (codigoSucursal, direccion, telefono) VALUES (17, '1 Sugar Park', '7295008889');
INSERT INTO Sucursal (codigoSucursal, direccion, telefono) VALUES (18, '145 Shoshone Hill', '7506377721');
INSERT INTO Sucursal (codigoSucursal, direccion, telefono) VALUES (19, '8397 Nobel Point', '4521384626');
INSERT INTO Sucursal (codigoSucursal, direccion, telefono) VALUES (20, '1179 Westport Way', '3421150158');
INSERT INTO Sucursal (codigoSucursal, direccion, telefono) VALUES (21, '76061 Harper Court', '9868237215');
INSERT INTO Sucursal (codigoSucursal, direccion, telefono) VALUES (22, '45208 Forest Run Junction', '5706400135');
INSERT INTO Sucursal (codigoSucursal, direccion, telefono) VALUES (23, '26963 Schmedeman Center', '5068025282');
INSERT INTO Sucursal (codigoSucursal, direccion, telefono) VALUES (24, '630 Butternut Trail', '8227010044');
INSERT INTO Sucursal (codigoSucursal, direccion, telefono) VALUES (25, '05090 Florence Hill', '4223120195');
INSERT INTO Sucursal (codigoSucursal, direccion, telefono) VALUES (26, '74 Bunting Hill', '2705297630');
INSERT INTO Sucursal (codigoSucursal, direccion, telefono) VALUES (27, '65 Superior Hill', '5715886591');
INSERT INTO Sucursal (codigoSucursal, direccion, telefono) VALUES (28, '43 Sycamore Center', '9081841932');
INSERT INTO Sucursal (codigoSucursal, direccion, telefono) VALUES (29, '6 Eastwood Street', '4076038001');
INSERT INTO Sucursal (codigoSucursal, direccion, telefono) VALUES (30, '368 North Place', '7708917179');
INSERT INTO Sucursal (codigoSucursal, direccion, telefono) VALUES (31, '8992 Mayfield Terrace', '9027933948');
INSERT INTO Sucursal (codigoSucursal, direccion, telefono) VALUES (32, '1571 Bluejay Parkway', '4878493144');
INSERT INTO Sucursal (codigoSucursal, direccion, telefono) VALUES (33, '7941 Autumn Leaf Place', '8148640770');
INSERT INTO Sucursal (codigoSucursal, direccion, telefono) VALUES (34, '48 Ramsey Lane', '7889176784');
INSERT INTO Sucursal (codigoSucursal, direccion, telefono) VALUES (35, '3221 Nevada Hill', '5481953631');
INSERT INTO Sucursal (codigoSucursal, direccion, telefono) VALUES (36, '587 Hazelcrest Circle', '9374416777');
INSERT INTO Sucursal (codigoSucursal, direccion, telefono) VALUES (37, '047 Hooker Drive', '5777384130');
INSERT INTO Sucursal (codigoSucursal, direccion, telefono) VALUES (38, '14621 Lakewood Circle', '2735608776');
INSERT INTO Sucursal (codigoSucursal, direccion, telefono) VALUES (39, '9 Toban Court', '6335821927');
INSERT INTO Sucursal (codigoSucursal, direccion, telefono) VALUES (40, '07959 Granby Alley', '3933511205');
INSERT INTO Sucursal (codigoSucursal, direccion, telefono) VALUES (41, '22489 Mesta Hill', '3485291681');
INSERT INTO Sucursal (codigoSucursal, direccion, telefono) VALUES (42, '700 Mifflin Point', '4026484587');
INSERT INTO Sucursal (codigoSucursal, direccion, telefono) VALUES (43, '553 Charing Cross Alley', '9105059884');
INSERT INTO Sucursal (codigoSucursal, direccion, telefono) VALUES (44, '005 Melody Hill', '8722076964');
INSERT INTO Sucursal (codigoSucursal, direccion, telefono) VALUES (45, '2 Kipling Plaza', '2412147035');
INSERT INTO Sucursal (codigoSucursal, direccion, telefono) VALUES (46, '4391 Kedzie Hill', '5729467635');
INSERT INTO Sucursal (codigoSucursal, direccion, telefono) VALUES (47, '4 Beilfuss Circle', '2599206761');
INSERT INTO Sucursal (codigoSucursal, direccion, telefono) VALUES (48, '0 Blue Bill Park Terrace', '4746876690');
INSERT INTO Sucursal (codigoSucursal, direccion, telefono) VALUES (49, '6 East Parkway', '5761651213');
INSERT INTO Sucursal (codigoSucursal, direccion, telefono) VALUES (50, '1919 Monica Crossing', '2142142908');

-- Insertar los datos de la tabla Hotel
INSERT INTO Hotel (codigoHotel, nombre, direccion, ciudad, paginaWeb, nHabitaciones, precioPersona) VALUES (1, 'Gusikowski-Klocko', '489 Butternut Place', 'Burqah', 'www.gusikowskiklocko.com', 4, 268534041);
INSERT INTO Hotel (codigoHotel, nombre, direccion, ciudad, paginaWeb, nHabitaciones, precioPersona) VALUES (2, 'Bashirian and Sons', '1545 Hauk Plaza', 'El Calvario', 'www.BashirianandSons.com', 1, 473012642);
INSERT INTO Hotel (codigoHotel, nombre, direccion, ciudad, paginaWeb, nHabitaciones, precioPersona) VALUES (3, 'Macejkovic Inc', '80927 Petterle Place', 'Svetlyy', 'www.Macejkovic.com', 3, 208735540);
INSERT INTO Hotel (codigoHotel, nombre, direccion, ciudad, paginaWeb, nHabitaciones, precioPersona) VALUES (4, 'Watsica, Reinger and Weissnat', '3 Spenser Park', 'Dmitriyevka', 'www.Watsica.com', 4, 301371916);
INSERT INTO Hotel (codigoHotel, nombre, direccion, ciudad, paginaWeb, nHabitaciones, precioPersona) VALUES (5, 'Pfeffer, Morissette and Feeney', '70 Mallard Alley', 'Sui’an', 'www.Pfeffer.com', 1, 270652065);
INSERT INTO Hotel (codigoHotel, nombre, direccion, ciudad, paginaWeb, nHabitaciones, precioPersona) VALUES (6, 'Breitenberg-Klocko', '22 Daystar Point', 'Rejasa Kaja', 'www.Breitenberg-Klocko.com', 3, 452082663);
INSERT INTO Hotel (codigoHotel, nombre, direccion, ciudad, paginaWeb, nHabitaciones, precioPersona) VALUES (7, 'Rice, Lockman and King', '66 4th Terrace', 'Fécamp', 'www.Rice.com', 2, 355531769);
INSERT INTO Hotel (codigoHotel, nombre, direccion, ciudad, paginaWeb, nHabitaciones, precioPersona) VALUES (8, 'Hermann, Kuhic and Kirlin', '9174 Service Way', 'Telmin Suma', 'www.Hermann.com', 3, 469939316);
INSERT INTO Hotel (codigoHotel, nombre, direccion, ciudad, paginaWeb, nHabitaciones, precioPersona) VALUES (9, 'Boyle LLC', '62097 Brickson Park Terrace', 'Udon Thani', 'www.Boyle.com', 2, 418586483);
INSERT INTO Hotel (codigoHotel, nombre, direccion, ciudad, paginaWeb, nHabitaciones, precioPersona) VALUES (10, 'Kiehn, Wiza and Leannon', '68526 Springs Hill', 'Guayabal', 'www.Kiehn.com', 3, 484448274);
INSERT INTO Hotel (codigoHotel, nombre, direccion, ciudad, paginaWeb, nHabitaciones, precioPersona) VALUES (11, 'Grady-Feeney', '838 John Wall Junction', 'Menampukrajan', 'www.Grady-Feeney.com', 4, 452409142);
INSERT INTO Hotel (codigoHotel, nombre, direccion, ciudad, paginaWeb, nHabitaciones, precioPersona) VALUES (12, 'White-Reynolds', '569 Marquette Parkway', 'Guajiasi', 'www.White-Reynolds.com', 1, 128884285);
INSERT INTO Hotel (codigoHotel, nombre, direccion, ciudad, paginaWeb, nHabitaciones, precioPersona) VALUES (13, 'Kozey, Ondricka and Barton', '593 Annamark Avenue', 'Asino', 'www.Kozey.com', 2, 131851064);
INSERT INTO Hotel (codigoHotel, nombre, direccion, ciudad, paginaWeb, nHabitaciones, precioPersona) VALUES (14, 'Kunde Group', '0 Becker Crossing', 'Waitangi', 'www.kundegroup.com', 1, 398568915);
INSERT INTO Hotel (codigoHotel, nombre, direccion, ciudad, paginaWeb, nHabitaciones, precioPersona) VALUES (15, 'Armstrong-Jacobson', '2 Shasta Park', 'Daxi', 'www.armstrongjacobson.com', 2, 233523399);
INSERT INTO Hotel (codigoHotel, nombre, direccion, ciudad, paginaWeb, nHabitaciones, precioPersona) VALUES (16, 'Schmitt, Gottlieb and Kerluke', '47 Kenwood Parkway', 'Lauro de Freitas', 'www.Schmitt.com', 1, 464133397);
INSERT INTO Hotel (codigoHotel, nombre, direccion, ciudad, paginaWeb, nHabitaciones, precioPersona) VALUES (17, 'Berge, Swift and Gottlieb', '27 Ridge Oak Lane', 'Longjumeau', 'www.Berge.com', 3, 469296628);
INSERT INTO Hotel (codigoHotel, nombre, direccion, ciudad, paginaWeb, nHabitaciones, precioPersona) VALUES (18, 'Osinski, Dooley and Hettinger', '19 Springs Road', 'Imulolong', 'www.Osinski.com', 4, 204298523);
INSERT INTO Hotel (codigoHotel, nombre, direccion, ciudad, paginaWeb, nHabitaciones, precioPersona) VALUES (19, 'Mitchell, Johnson and Moen', '91768 Darwin Point', 'Yanwang', 'www.Mitchell.com', 1, 182984999);
INSERT INTO Hotel (codigoHotel, nombre, direccion, ciudad, paginaWeb, nHabitaciones, precioPersona) VALUES (20, 'Friesen and Sons', '35 Eliot Trail', 'Talisay', 'aliquam erat volutpat in congue', 4, 219454964);
INSERT INTO Hotel (codigoHotel, nombre, direccion, ciudad, paginaWeb, nHabitaciones, precioPersona) VALUES (21, 'Deckow Inc', '5 Sachs Terrace', 'Kakamega', 'www.FriesenandSons.com', 1, 29130885.19);
INSERT INTO Hotel (codigoHotel, nombre, direccion, ciudad, paginaWeb, nHabitaciones, precioPersona) VALUES (22, 'Schumm, Hoppe and Berge', '4820 School Circle', 'El Guamo', 'www.Schumm.com', 3, 185855031);
INSERT INTO Hotel (codigoHotel, nombre, direccion, ciudad, paginaWeb, nHabitaciones, precioPersona) VALUES (23, 'Heaney, Oberbrunner and Herman', '05898 Corben Way', 'Baturaja', 'www.Heaney.com', 2, 388799015);
INSERT INTO Hotel (codigoHotel, nombre, direccion, ciudad, paginaWeb, nHabitaciones, precioPersona) VALUES (24, 'Johns-Hyatt', '870 Graceland Drive', 'Milltown', 'www.JohnsHyatt.com', 1, 337276936);
INSERT INTO Hotel (codigoHotel, nombre, direccion, ciudad, paginaWeb, nHabitaciones, precioPersona) VALUES (25, 'Johnston LLC', '982 Katie Road', 'Kumlinge', 'www.Johnston.com', 4, 292566027);
INSERT INTO Hotel (codigoHotel, nombre, direccion, ciudad, paginaWeb, nHabitaciones, precioPersona) VALUES (26, 'Conn, Bashirian and Volkman', '5 Main Center', 'Riachão do Jacuípe', 'www.Conn.com', 2, 329121575);
INSERT INTO Hotel (codigoHotel, nombre, direccion, ciudad, paginaWeb, nHabitaciones, precioPersona) VALUES (27, 'Armstrong-Dach', '91477 Vahlen Parkway', 'Śliwice', 'www.Armstrongdach.com', 4, 158864488);
INSERT INTO Hotel (codigoHotel, nombre, direccion, ciudad, paginaWeb, nHabitaciones, precioPersona) VALUES (28, 'Gutkowski-Nader', '3 Hagan Parkway', 'Wolomoni', 'www.GutkowskiNader.com', 3, 187621123);
INSERT INTO Hotel (codigoHotel, nombre, direccion, ciudad, paginaWeb, nHabitaciones, precioPersona) VALUES (29, 'Robel and Sons', '45 Bluejay Pass', 'Abashiri', 'www.RobelandSons.com', 2, 335775415.13);
INSERT INTO Hotel (codigoHotel, nombre, direccion, ciudad, paginaWeb, nHabitaciones, precioPersona) VALUES (30, 'Marvin Inc', '07164 1st Lane', 'Cañaveral', 'www.Marvin.com', 2, 160707838);
INSERT INTO Hotel (codigoHotel, nombre, direccion, ciudad, paginaWeb, nHabitaciones, precioPersona) VALUES (31, 'Schuppe, Gutkowski and Bailey', '8 Hovde Lane', 'Banjar Bias', 'www.Schuppe.com', 2, 341631716);
INSERT INTO Hotel (codigoHotel, nombre, direccion, ciudad, paginaWeb, nHabitaciones, precioPersona) VALUES (32, 'Wuckert, Stehr and Feil', '36959 Melrose Hill', 'Wangda', 'www.Wuckert.com', 3, 240903471);
INSERT INTO Hotel (codigoHotel, nombre, direccion, ciudad, paginaWeb, nHabitaciones, precioPersona) VALUES (33, 'Grady, Considine and Strosin', '76731 Rowland Hill', 'Cemplang', 'www.Grady.com', 4, 291369432);
INSERT INTO Hotel (codigoHotel, nombre, direccion, ciudad, paginaWeb, nHabitaciones, precioPersona) VALUES (34, 'Senger-VonRueden', '7 Continental Circle', 'Seupakat', 'www.SengerVonRueden.com', 4, 441719851.58);
INSERT INTO Hotel (codigoHotel, nombre, direccion, ciudad, paginaWeb, nHabitaciones, precioPersona) VALUES (35, 'Dare LLC', '063 Carpenter Crossing', 'Budenovetc', 'www.Dare.com', 1, 187010748.99);
INSERT INTO Hotel (codigoHotel, nombre, direccion, ciudad, paginaWeb, nHabitaciones, precioPersona) VALUES (36, 'Nitzsche and Sons', '70 Atwood Alley', 'Sollefteå', 'www.NitzscheandSons.com', 3, 229275000);
INSERT INTO Hotel (codigoHotel, nombre, direccion, ciudad, paginaWeb, nHabitaciones, precioPersona) VALUES (37, 'Schultz Group', '02 Waywood Hill', 'Slavs’ke', 'www.SchultzGroup.com', 1, 146387618.34);
INSERT INTO Hotel (codigoHotel, nombre, direccion, ciudad, paginaWeb, nHabitaciones, precioPersona) VALUES (38, 'Frami and Sons', '275 Reinke Circle', 'Na Klang', 'www.FramiandSons.com', 1, 308969906.39);
INSERT INTO Hotel (codigoHotel, nombre, direccion, ciudad, paginaWeb, nHabitaciones, precioPersona) VALUES (39, 'Gislason, Pollich and Lemke', '43 Burrows Crossing', 'Feteira Grande', 'www.Gislason.com', 2, 177414254);
INSERT INTO Hotel (codigoHotel, nombre, direccion, ciudad, paginaWeb, nHabitaciones, precioPersona) VALUES (40, 'Christiansen and Sons', '5774 Miller Lane', 'Haguenau', 'www.ChristiansenandSons.com', 4, 361344290);
INSERT INTO Hotel (codigoHotel, nombre, direccion, ciudad, paginaWeb, nHabitaciones, precioPersona) VALUES (41, 'Weissnat and Sons', '3277 Dwight Pass', 'Courbevoie', 'www.WeissnatandSons.com', 4, 164788861);
INSERT INTO Hotel (codigoHotel, nombre, direccion, ciudad, paginaWeb, nHabitaciones, precioPersona) VALUES (42, 'Watsica-Koss', '1461 Mcbride Terrace', 'Larvik', 'www.WatsicaKoss.com', 4, 124806030.11);
INSERT INTO Hotel (codigoHotel, nombre, direccion, ciudad, paginaWeb, nHabitaciones, precioPersona) VALUES (43, 'Mayert-Halvorson', '803 Shelley Point', 'Shaping', 'www.MayertHalvorson.com', 4, 433130820.58);
INSERT INTO Hotel (codigoHotel, nombre, direccion, ciudad, paginaWeb, nHabitaciones, precioPersona) VALUES (44, 'Shields Inc', '9176 Roth Terrace', 'Saraburi', 'www.Shields.com', 4, 246391103);
INSERT INTO Hotel (codigoHotel, nombre, direccion, ciudad, paginaWeb, nHabitaciones, precioPersona) VALUES (45, 'Roob-Satterfield', '3 Dorton Lane', 'Kōnosu', 'www.RoobSatterfield.com', 1, 191628916);
INSERT INTO Hotel (codigoHotel, nombre, direccion, ciudad, paginaWeb, nHabitaciones, precioPersona) VALUES (46, 'Leannon', '5624 Hagan Place', 'New York', 'www.Leannon.com', 4, 245412232);
INSERT INTO Hotel (codigoHotel, nombre, direccion, ciudad, paginaWeb, nHabitaciones, precioPersona) VALUES (47, 'Waelchi and Sons', '8 Dakota Court', 'Kiltamagh', 'www.WaelchiandSons.com', 1, 234350004);
INSERT INTO Hotel (codigoHotel, nombre, direccion, ciudad, paginaWeb, nHabitaciones, precioPersona) VALUES (48, 'Volkman, Funk and Beahan', '179 Eggendart Road', 'Azurduy', 'www.Volkman.com', 1, 295253331);
INSERT INTO Hotel (codigoHotel, nombre, direccion, ciudad, paginaWeb, nHabitaciones, precioPersona) VALUES (49, 'Marvin-Hirthe', '1 Anderson Trail', 'Antioquia', 'www.MarvinHirthe.com', 2, 129695428);
INSERT INTO Hotel (codigoHotel, nombre, direccion, ciudad, paginaWeb, nHabitaciones, precioPersona) VALUES (50, 'Dibbert-Swaniawski', '52 Darwin Court', 'Hāgere Selam', 'www.DibbertSwaniawski.com', 3, 347821468);

-- Insertar los datos de la tabla Vuelos
INSERT INTO Vuelos (numeroVuelo, fechaHora, origen, destino, precioPersona, valorEquipaje, clase) VALUES (1, '2022-10-22 07:37:29', 'Brazil', 'Indonesia', 3532415, 96178, 'Primera');
INSERT INTO Vuelos (numeroVuelo, fechaHora, origen, destino, precioPersona, valorEquipaje, clase) VALUES (2, '2022-12-12 17:36:38', 'Portugal', 'Japan', 1017042, 71378, 'Turista');
INSERT INTO Vuelos (numeroVuelo, fechaHora, origen, destino, precioPersona, valorEquipaje, clase) VALUES (3, '2023-02-17 14:42:58', 'China', 'United States', 1705319, 93682, 'Turista');
INSERT INTO Vuelos (numeroVuelo, fechaHora, origen, destino, precioPersona, valorEquipaje, clase) VALUES (4, '2022-11-28 18:54:57', 'China', 'China', 1061503, 95143, 'Primera');
INSERT INTO Vuelos (numeroVuelo, fechaHora, origen, destino, precioPersona, valorEquipaje, clase) VALUES (5, '2023-02-10 00:23:46', 'United States', 'Czech Republic', 2430384, 90686, 'Turista');
INSERT INTO Vuelos (numeroVuelo, fechaHora, origen, destino, precioPersona, valorEquipaje, clase) VALUES (6, '2023-05-07 04:48:43', 'China', 'France', 2541925, 67888, 'Primera');
INSERT INTO Vuelos (numeroVuelo, fechaHora, origen, destino, precioPersona, valorEquipaje, clase) VALUES (7, '2022-06-05 08:55:23', 'Colombia', 'Russia', 1907057, 56174, 'Turista');
INSERT INTO Vuelos (numeroVuelo, fechaHora, origen, destino, precioPersona, valorEquipaje, clase) VALUES (8, '2022-10-24 22:58:03', 'Indonesia', 'Philippines', 1200806, 65040, 'Primera');
INSERT INTO Vuelos (numeroVuelo, fechaHora, origen, destino, precioPersona, valorEquipaje, clase) VALUES (9, '2022-07-27 08:44:32', 'Slovenia', 'Portugal', 1985963, 97121, 'Primera');
INSERT INTO Vuelos (numeroVuelo, fechaHora, origen, destino, precioPersona, valorEquipaje, clase) VALUES (10, '2022-09-29 22:16:15', 'China', 'China', 1553715, 58622, 'Primera');
INSERT INTO Vuelos (numeroVuelo, fechaHora, origen, destino, precioPersona, valorEquipaje, clase) VALUES (11, '2022-07-09 05:26:10', 'Cuba', 'Ireland', 1092453, 76670, 'Primera');
INSERT INTO Vuelos (numeroVuelo, fechaHora, origen, destino, precioPersona, valorEquipaje, clase) VALUES (12, '2023-04-12 12:47:01', 'Hungary', 'China', 2759930, 53788, 'Turista');
INSERT INTO Vuelos (numeroVuelo, fechaHora, origen, destino, precioPersona, valorEquipaje, clase) VALUES (13, '2023-04-12 03:14:38', 'Philippines', 'China', 362666, 71145, 'Turista');
INSERT INTO Vuelos (numeroVuelo, fechaHora, origen, destino, precioPersona, valorEquipaje, clase) VALUES (14, '2022-06-30 20:39:29', 'Russia', 'Republica Dominicana', 863732, 86997, 'Primera');
INSERT INTO Vuelos (numeroVuelo, fechaHora, origen, destino, precioPersona, valorEquipaje, clase) VALUES (15, '2023-03-06 05:01:57', 'Poland', 'Azerbaijan', 1062800, 67548, 'Turista');
INSERT INTO Vuelos (numeroVuelo, fechaHora, origen, destino, precioPersona, valorEquipaje, clase) VALUES (16, '2022-07-28 07:35:58', 'Azerbaijan', 'Jordan', 234367, 58353, 'Primera');
INSERT INTO Vuelos (numeroVuelo, fechaHora, origen, destino, precioPersona, valorEquipaje, clase) VALUES (17, '2022-08-29 06:54:18', 'Poland', 'China', 466016, 53530, 'Primera');
INSERT INTO Vuelos (numeroVuelo, fechaHora, origen, destino, precioPersona, valorEquipaje, clase) VALUES (18, '2022-11-15 23:40:52', 'Portugal', 'Indonesia', 2807937, 92565, 'Primera');
INSERT INTO Vuelos (numeroVuelo, fechaHora, origen, destino, precioPersona, valorEquipaje, clase) VALUES (19, '2022-06-05 09:30:28', 'Mexico', 'France', 2898679, 70912, 'Turista');
INSERT INTO Vuelos (numeroVuelo, fechaHora, origen, destino, precioPersona, valorEquipaje, clase) VALUES (20, '2022-08-19 09:49:37', 'Sweden', 'China', 2240301, 99661, 'Turista');
INSERT INTO Vuelos (numeroVuelo, fechaHora, origen, destino, precioPersona, valorEquipaje, clase) VALUES (21, '2022-11-21 19:51:10', 'Indonesia', 'Malaysia', 1433917, 57827, 'Turista');
INSERT INTO Vuelos (numeroVuelo, fechaHora, origen, destino, precioPersona, valorEquipaje, clase) VALUES (22, '2022-11-24 04:04:57', 'China', 'Brazil', 187679, 53340, 'Turista');
INSERT INTO Vuelos (numeroVuelo, fechaHora, origen, destino, precioPersona, valorEquipaje, clase) VALUES (23, '2022-10-13 10:07:41', 'Indonesia', 'France', 1807064, 97853, 'Turista');
INSERT INTO Vuelos (numeroVuelo, fechaHora, origen, destino, precioPersona, valorEquipaje, clase) VALUES (24, '2022-10-08 14:24:39', 'Indonesia', 'Uganda', 2291871, 71970, 'Turista');
INSERT INTO Vuelos (numeroVuelo, fechaHora, origen, destino, precioPersona, valorEquipaje, clase) VALUES (25, '2022-09-04 16:20:00', 'China', 'Portugal', 1472204, 92266, 'Turista');
INSERT INTO Vuelos (numeroVuelo, fechaHora, origen, destino, precioPersona, valorEquipaje, clase) VALUES (26, '2023-03-20 01:42:09', 'Thailand', 'China', 1287743 , 50036, 'Primera');
INSERT INTO Vuelos (numeroVuelo, fechaHora, origen, destino, precioPersona, valorEquipaje, clase) VALUES (27, '2023-03-12 18:09:21', 'Philippines', 'Guatemala', 1178308, 77295, 'Primera');
INSERT INTO Vuelos (numeroVuelo, fechaHora, origen, destino, precioPersona, valorEquipaje, clase) VALUES (28, '2023-03-15 19:14:56', 'Indonesia', 'Indonesia', 1292845, 77584, 'Primera');
INSERT INTO Vuelos (numeroVuelo, fechaHora, origen, destino, precioPersona, valorEquipaje, clase) VALUES (29, '2022-06-21 15:48:04', 'Macedonia', 'Poland', 2628482, 51020, 'Primera');
INSERT INTO Vuelos (numeroVuelo, fechaHora, origen, destino, precioPersona, valorEquipaje, clase) VALUES (30, '2022-12-22 19:02:12', 'Ukraine', 'Finland', 1871208, 89004, 'Turista');
INSERT INTO Vuelos (numeroVuelo, fechaHora, origen, destino, precioPersona, valorEquipaje, clase) VALUES (31, '2023-03-27 05:23:16', 'Russia', 'Indonesia', 1949013, 59262, 'Primera');
INSERT INTO Vuelos (numeroVuelo, fechaHora, origen, destino, precioPersona, valorEquipaje, clase) VALUES (32, '2023-02-24 19:36:41', 'Russia', 'France', 2561744, 59516, 'Primera');
INSERT INTO Vuelos (numeroVuelo, fechaHora, origen, destino, precioPersona, valorEquipaje, clase) VALUES (33, '2022-09-21 01:47:35', 'China', 'Philippines', 1351157, 58428, 'Primera');
INSERT INTO Vuelos (numeroVuelo, fechaHora, origen, destino, precioPersona, valorEquipaje, clase) VALUES (34, '2022-10-10 07:03:11', 'Peru', 'Colombia', 3104692, 59337, 'Primera');
INSERT INTO Vuelos (numeroVuelo, fechaHora, origen, destino, precioPersona, valorEquipaje, clase) VALUES (35, '2022-12-07 18:29:16', 'Colombia', 'Ukraine', 2217459, 82051, 'Primera');
INSERT INTO Vuelos (numeroVuelo, fechaHora, origen, destino, precioPersona, valorEquipaje, clase) VALUES (36, '2022-08-07 02:54:43', 'Poland', 'Peru', 1651647, 70515, 'Primera');
INSERT INTO Vuelos (numeroVuelo, fechaHora, origen, destino, precioPersona, valorEquipaje, clase) VALUES (37, '2022-11-24 21:11:40', 'Philippines', 'Greece', 683738, 77386, 'Turista');
INSERT INTO Vuelos (numeroVuelo, fechaHora, origen, destino, precioPersona, valorEquipaje, clase) VALUES (38, '2023-04-14 12:17:53', 'China', 'Bulgaria', 692342, 94909, 'Turista');
INSERT INTO Vuelos (numeroVuelo, fechaHora, origen, destino, precioPersona, valorEquipaje, clase) VALUES (39, '2022-10-21 06:15:41', 'Indonesia', 'Vietnam', 2075449, 90206, 'Turista');
INSERT INTO Vuelos (numeroVuelo, fechaHora, origen, destino, precioPersona, valorEquipaje, clase) VALUES (40, '2022-06-06 20:05:07', 'China', 'Tunisia', 597331, 62877, 'Turista');
INSERT INTO Vuelos (numeroVuelo, fechaHora, origen, destino, precioPersona, valorEquipaje, clase) VALUES (41, '2023-04-25 16:44:41', 'China', 'Slovenia', 380470, 99175, 'Turista');
INSERT INTO Vuelos (numeroVuelo, fechaHora, origen, destino, precioPersona, valorEquipaje, clase) VALUES (42, '2023-02-10 13:02:29', 'Indonesia', 'China', 2391854, 84214, 'Primera');
INSERT INTO Vuelos (numeroVuelo, fechaHora, origen, destino, precioPersona, valorEquipaje, clase) VALUES (43, '2022-07-08 10:28:36', 'Belarus', 'Russia', 1400501, 91749, 'Primera');
INSERT INTO Vuelos (numeroVuelo, fechaHora, origen, destino, precioPersona, valorEquipaje, clase) VALUES (44, '2023-04-28 05:35:22', 'Indonesia', 'China', 2514216, 53089, 'Turista');
INSERT INTO Vuelos (numeroVuelo, fechaHora, origen, destino, precioPersona, valorEquipaje, clase) VALUES (45, '2022-12-30 02:45:07', 'China', 'Cameroon', 1921131, 87347, 'Primera');
INSERT INTO Vuelos (numeroVuelo, fechaHora, origen, destino, precioPersona, valorEquipaje, clase) VALUES (46, '2022-05-31 07:30:50', 'Bolivia', 'Philippines', 441639, 56336, 'Primera');
INSERT INTO Vuelos (numeroVuelo, fechaHora, origen, destino, precioPersona, valorEquipaje, clase) VALUES (47, '2023-02-05 21:13:05', 'Indonesia', 'Russia', 1121676, 64125, 'Turista');
INSERT INTO Vuelos (numeroVuelo, fechaHora, origen, destino, precioPersona, valorEquipaje, clase) VALUES (48, '2022-12-15 21:19:02', 'Mexico', 'China', 3090282, 84590, 'Turista');
INSERT INTO Vuelos (numeroVuelo, fechaHora, origen, destino, precioPersona, valorEquipaje, clase) VALUES (49, '2022-12-16 04:48:11', 'Portugal', 'Israel', 3538721.1, 90284, 'Turista');
INSERT INTO Vuelos (numeroVuelo, fechaHora, origen, destino, precioPersona, valorEquipaje, clase) VALUES (50, '2023-02-16 01:16:56', 'Yemen', 'Palestinian Territory', 2590924, 93509, 'Primera');

-- -- Insertar los datos de la tabla Turistas
INSERT INTO Turistas (cedulaPasaporte, nombre, apellido, correo, codigoSucursal, numeroVuelo, CodigoHotel) VALUES (1, 'Elysia', 'Diaper', 'ediaper0@springer.com', 1, 43, 32);
INSERT INTO Turistas (cedulaPasaporte, nombre, apellido, correo, codigoSucursal, numeroVuelo, CodigoHotel) VALUES (2, 'Bondy', 'Bubbear', 'bbubbear1@wisc.edu', 2, 50, 8);
INSERT INTO Turistas (cedulaPasaporte, nombre, apellido, correo, codigoSucursal, numeroVuelo, CodigoHotel) VALUES (3, 'Benedetta', 'Batman', 'bbatman2@ehow.com',3 , 49, 27);
INSERT INTO Turistas (cedulaPasaporte, nombre, apellido, correo, codigoSucursal, numeroVuelo, CodigoHotel) VALUES (4, 'Sibyl', 'Stothard', 'sstothard3@netscape.com', 4, 48, 6);
INSERT INTO Turistas (cedulaPasaporte, nombre, apellido, correo, codigoSucursal, numeroVuelo, CodigoHotel) VALUES (5, 'Elissa', 'Scardifeild', 'escardifeild4@google.fr', 5, 47, 47);
INSERT INTO Turistas (cedulaPasaporte, nombre, apellido, correo, codigoSucursal, numeroVuelo, CodigoHotel) VALUES (6, 'Xever', 'Lumbers', 'xlumbers5@example.com', 6, 46, 16);
INSERT INTO Turistas (cedulaPasaporte, nombre, apellido, correo, codigoSucursal, numeroVuelo, CodigoHotel) VALUES (7, 'Hy', 'Braden', 'hbraden6@mysql.com', 7, 45, 24);
INSERT INTO Turistas (cedulaPasaporte, nombre, apellido, correo, codigoSucursal, numeroVuelo, CodigoHotel) VALUES (8, 'Robinet', 'Dearle', 'rdearle7@globo.com', 8, 43, 5);
INSERT INTO Turistas (cedulaPasaporte, nombre, apellido, correo, codigoSucursal, numeroVuelo, CodigoHotel) VALUES (9, 'Burg', 'Beswetherick', 'bbeswetherick8@spiegel.de', 9, 44, 20);
INSERT INTO Turistas (cedulaPasaporte, nombre, apellido, correo, codigoSucursal, numeroVuelo, CodigoHotel) VALUES (10, 'Adore', 'Folli', 'afolli9@irs.gov', 10, 42, 50);
INSERT INTO Turistas (cedulaPasaporte, nombre, apellido, correo, codigoSucursal, numeroVuelo, CodigoHotel) VALUES (11, 'Pincas', 'Fowler', 'pfowlera@about.com', 11, 41, 4);
INSERT INTO Turistas (cedulaPasaporte, nombre, apellido, correo, codigoSucursal, numeroVuelo, CodigoHotel) VALUES (12, 'Candida', 'Brokenbrow', 'cbrokenbrowb@cargocollective.com', 12, 40, 15);
INSERT INTO Turistas (cedulaPasaporte, nombre, apellido, correo, codigoSucursal, numeroVuelo, CodigoHotel) VALUES (13, 'Dorie', 'Jacomb', 'djacombc@hugedomains.com', 13, 39, 41);
INSERT INTO Turistas (cedulaPasaporte, nombre, apellido, correo, codigoSucursal, numeroVuelo, CodigoHotel) VALUES (14, 'Marji', 'Rivett', 'mrivettd@nih.gov', 14, 38, 44);
INSERT INTO Turistas (cedulaPasaporte, nombre, apellido, correo, codigoSucursal, numeroVuelo, CodigoHotel) VALUES (15, 'Diana', 'Scurrell', 'dscurrelle@hostgator.com', 15, 37, 18);
INSERT INTO Turistas (cedulaPasaporte, nombre, apellido, correo, codigoSucursal, numeroVuelo, CodigoHotel) VALUES (16, 'Mae', 'Cochern', 'mcochernf@miibeian.gov.cn', 16, 56, 28);
INSERT INTO Turistas (cedulaPasaporte, nombre, apellido, correo, codigoSucursal, numeroVuelo, CodigoHotel) VALUES (17, 'Malissia', 'Castellanos', 'mcastellanosg@shareasale.com', 50, 35, 38);
INSERT INTO Turistas (cedulaPasaporte, nombre, apellido, correo, codigoSucursal, numeroVuelo, CodigoHotel) VALUES (18, 'Maisie', 'Crocetto', 'mcrocettoh@unblog.fr', 17, 34, 1);
INSERT INTO Turistas (cedulaPasaporte, nombre, apellido, correo, codigoSucursal, numeroVuelo, CodigoHotel) VALUES (19, 'Izak', 'Fearnside', 'ifearnsidei@free.fr', 18, 33, 11);
INSERT INTO Turistas (cedulaPasaporte, nombre, apellido, correo, codigoSucursal, numeroVuelo, CodigoHotel) VALUES (20, 'Fayre', 'Johncey', 'fjohnceyj@blog.com', 19, 32, 23);
INSERT INTO Turistas (cedulaPasaporte, nombre, apellido, correo, codigoSucursal, numeroVuelo, CodigoHotel) VALUES (21, 'Donnamarie', 'Haining', 'dhainingk@ebay.co.uk', 20, 31, 43);
INSERT INTO Turistas (cedulaPasaporte, nombre, apellido, correo, codigoSucursal, numeroVuelo, CodigoHotel) VALUES (22, 'Pembroke', 'Waggitt', 'pwaggittl@who.int', 21, 30, 7);
INSERT INTO Turistas (cedulaPasaporte, nombre, apellido, correo, codigoSucursal, numeroVuelo, CodigoHotel) VALUES (23, 'Ollie', 'Breming', 'obremingm@craigslist.org', 22, 29, 46);
INSERT INTO Turistas (cedulaPasaporte, nombre, apellido, correo, codigoSucursal, numeroVuelo, CodigoHotel) VALUES (24, 'Rosanne', 'Phillp', 'rphillpn@godaddy.com', 23, 28, 48);
INSERT INTO Turistas (cedulaPasaporte, nombre, apellido, correo, codigoSucursal, numeroVuelo, CodigoHotel) VALUES (25, 'Davidson', 'Patrie', 'dpatrieo@macromedia.com', 24, 27, 3);
INSERT INTO Turistas (cedulaPasaporte, nombre, apellido, correo, codigoSucursal, numeroVuelo, CodigoHotel) VALUES (26, 'Emery', 'Antosik', 'eantosikp@archive.org', 25, 26, 26);
INSERT INTO Turistas (cedulaPasaporte, nombre, apellido, correo, codigoSucursal, numeroVuelo, CodigoHotel) VALUES (27, 'Mela', 'Blakiston', 'mblakistonq@theguardian.com', 26, 25, 39);
INSERT INTO Turistas (cedulaPasaporte, nombre, apellido, correo, codigoSucursal, numeroVuelo, CodigoHotel) VALUES (28, 'Rica', 'Penni', 'rpennir@google.ca', 27, 24, 10);
INSERT INTO Turistas (cedulaPasaporte, nombre, apellido, correo, codigoSucursal, numeroVuelo, CodigoHotel) VALUES (29, 'Israel', 'Twining', 'itwinings@umn.edu', 28, 23, 45);
INSERT INTO Turistas (cedulaPasaporte, nombre, apellido, correo, codigoSucursal, numeroVuelo, CodigoHotel) VALUES (30, 'Cherlyn', 'Randles', 'crandlest@cmu.edu', 29, 21, 16);
INSERT INTO Turistas (cedulaPasaporte, nombre, apellido, correo, codigoSucursal, numeroVuelo, CodigoHotel) VALUES (31, 'Louie', 'Weitzel', 'lweitzelu@foxnews.com', 30, 20, 35);
INSERT INTO Turistas (cedulaPasaporte, nombre, apellido, correo, codigoSucursal, numeroVuelo, CodigoHotel) VALUES (32, 'Elbert', 'McCrie', 'emccriev@ucoz.ru', 31, 19, 17);
INSERT INTO Turistas (cedulaPasaporte, nombre, apellido, correo, codigoSucursal, numeroVuelo, CodigoHotel) VALUES (33, 'Nat', 'Niblo', 'nniblow@nih.gov', 32, 18, 37);
INSERT INTO Turistas (cedulaPasaporte, nombre, apellido, correo, codigoSucursal, numeroVuelo, CodigoHotel) VALUES (34, 'Ignaz', 'Rosini', 'irosinix@geocities.jp', 33, 17, 2);
INSERT INTO Turistas (cedulaPasaporte, nombre, apellido, correo, codigoSucursal, numeroVuelo, CodigoHotel) VALUES (35, 'Mahmoud', 'Frere', 'mfrerey@t.co', 34, 16, 590);
INSERT INTO Turistas (cedulaPasaporte, nombre, apellido, correo, codigoSucursal, numeroVuelo, CodigoHotel) VALUES (36, 'Lorette', 'McDougall', 'lmcdougallz@redcross.org', 35, 15, 19);
INSERT INTO Turistas (cedulaPasaporte, nombre, apellido, correo, codigoSucursal, numeroVuelo, CodigoHotel) VALUES (37, 'Even', 'Bever', 'ebever10@google.it', 36, 14, 21);
INSERT INTO Turistas (cedulaPasaporte, nombre, apellido, correo, codigoSucursal, numeroVuelo, CodigoHotel) VALUES (38, 'Luella', 'Tolliday', 'ltolliday11@rakuten.co.jp', 37, 13, 13);
INSERT INTO Turistas (cedulaPasaporte, nombre, apellido, correo, codigoSucursal, numeroVuelo, CodigoHotel) VALUES (39, 'Almira', 'Dunstan', 'adunstan12@nih.gov', 38, 12, 34);
INSERT INTO Turistas (cedulaPasaporte, nombre, apellido, correo, codigoSucursal, numeroVuelo, CodigoHotel) VALUES (40, 'Worth', 'Emanuelli', 'wemanuelli13@alexa.com', 39, 11, 12);
INSERT INTO Turistas (cedulaPasaporte, nombre, apellido, correo, codigoSucursal, numeroVuelo, CodigoHotel) VALUES (41, 'Sherye', 'McCurrie', 'smccurrie14@dmoz.org', 40, 10, 9);
INSERT INTO Turistas (cedulaPasaporte, nombre, apellido, correo, codigoSucursal, numeroVuelo, CodigoHotel) VALUES (42, 'Dex', 'Duckham', 'dduckham15@smh.com.au', 41, 9, 42);
INSERT INTO Turistas (cedulaPasaporte, nombre, apellido, correo, codigoSucursal, numeroVuelo, CodigoHotel) VALUES (43, 'Abe', 'O Dee', 'aodee16@photobucket.com', 42, 8, 36);
INSERT INTO Turistas (cedulaPasaporte, nombre, apellido, correo, codigoSucursal, numeroVuelo, CodigoHotel) VALUES (44, 'Ailey', 'Cromley', 'acromley17@tmall.com', 43, 7, 7);
INSERT INTO Turistas (cedulaPasaporte, nombre, apellido, correo, codigoSucursal, numeroVuelo, CodigoHotel) VALUES (45, 'Lars', 'Pellew', 'lpellew18@berkeley.edu', 44, 6, 25);
INSERT INTO Turistas (cedulaPasaporte, nombre, apellido, correo, codigoSucursal, numeroVuelo, CodigoHotel) VALUES (46, 'Arni', 'Sallans', 'asallans19@sohu.com', 45, 5, 14);
INSERT INTO Turistas (cedulaPasaporte, nombre, apellido, correo, codigoSucursal, numeroVuelo, CodigoHotel) VALUES (47, 'Honey', 'Nockalls', 'hnockalls1a@cyberchimps.com', 46, 4, 22);
INSERT INTO Turistas (cedulaPasaporte, nombre, apellido, correo, codigoSucursal, numeroVuelo, CodigoHotel) VALUES (48, 'Audrey', 'Olenov', 'aolenov1b@indiatimes.com', 47, 3, 29);
INSERT INTO Turistas (cedulaPasaporte, nombre, apellido, correo, codigoSucursal, numeroVuelo, CodigoHotel) VALUES (49, 'Giles', 'Jori', 'gjori1c@google.pl', 48, 2, 27);
INSERT INTO Turistas (cedulaPasaporte, nombre, apellido, correo, codigoSucursal, numeroVuelo, CodigoHotel) VALUES (50, 'Almeda', 'Boskell', 'aboskell1d@fema.gov', 49, 1, 40);
